{"cameraMode":{"drawMode":0,"name":"Shaded","section":"Shading Mode"},"sceneLighting":false,"audioPlay":false,"sceneViewState":{"showFog":true,"showMaterialUpdate":false,"showSkybox":false,"showFlares":true,"showImageEffects":true,"showParticleSystems":true,"showVisualEffectGraphs":true,"m_FxEnabled":false},"in2DMode":false,"pivot":{"x":0.8113993406295776,"y":0.5474337339401245,"z":-0.009011268615722657},"rotation":{"x":-0.045265693217515948,"y":-0.03535874933004379,"z":0.00160323700401932,"w":-0.9983490705490112},"size":2.1217896938323976,"orthographic":false}