{"cameraMode":{"drawMode":0,"name":"Shaded","section":"Shading Mode"},"sceneLighting":false,"audioPlay":false,"sceneViewState":{"showFog":true,"showMaterialUpdate":false,"showSkybox":false,"showFlares":true,"showImageEffects":true,"showParticleSystems":true,"showVisualEffectGraphs":true,"m_FxEnabled":false},"in2DMode":false,"pivot":{"x":1.7089142799377442,"y":13.380556106567383,"z":-0.6453018188476563},"rotation":{"x":-0.007809077389538288,"y":0.008097226731479168,"z":-0.00006312002369668335,"w":-0.9999378323554993},"size":13.039628982543946,"orthographic":false}